Workbook

Sheet Protocolo
A1: PROTOCOLO DE LA REVISIÓN SISTEMÁTICA DE LITERATURA
A2: Paso 0 — Reglas definidas ANTES de filtrar. Este es el 'plan de vuelo': ajusta cada campo a tu proyecto.
A4: 1. Tema / Proyecto | B4: Integración de inteligencia artificial en una aplicación móvil para la detección de enfermedades y plagas foliares del aguacate (Persea americana).
A5: 2. Pregunta de investigación | B5: ¿Qué enfermedades y plagas afectan las hojas del aguacate (Persea americana), qué síntomas visuales producen y qué métodos de inteligencia artificial, visión por computador o imágenes UAV se han utilizado o pueden adaptarse para su detección?
A6: 3. Objetivo de esta SLR | B6: Reunir y sintetizar evidencia científica sobre enfermedades y plagas foliares del aguacate y sobre métodos de detección automatizada que sirvan como base para un sistema de IA o aplicación móvil.
A8: 4. Criterios de INCLUSIÓN
A9: • | B9: Trata sobre aguacate / Persea americana o aporta un método de detección foliar extrapolable.
A10: • | B10: Menciona enfermedades o plagas foliares relevantes: antracnosis, Cercospora, ácaros, agallas, tizón foliar, roña u otras afecciones visibles en hoja.
A11: • | B11: Aporta información sobre hojas, síntomas foliares, imagen, detección, clasificación, severidad, diagnóstico o monitoreo con IA/UAV/visión por computador.
A12: • | B12: Es estudio primario, artículo técnico, ponencia IEEE o revisión metodológica relevante para el estado del arte.
A13: • | B13: Idioma: español o inglés.
A15: 5. Criterios de EXCLUSIÓN
A16: • | B16: Se enfoca únicamente en raíz, tallo o fruto sin relación con hojas ni método extrapolable a diagnóstico foliar.
A17: • | B17: No aporta información sobre enfermedad/plaga, síntomas, imagen, IA, diagnóstico o aplicación móvil.
A18: • | B18: No especifica cultivo, órgano, enfermedad/plaga ni método utilizado.
A19: • | B19: Registro duplicado (mismo DOI o título en otra base).
A20: • | B20: Fuera del rango de años definido / idioma distinto de español o inglés.
A22: 6. Grupos de patógenos considerados
A23: 1. Phytophthora spp. | B23: Colletotrichum spp.
A24: 2. Lasiodiplodia spp. | B24: Pseudocercospora / Cercospora
A25: 3. Botryosphaeriaceae | B25: Oligonychus spp.
A26: 4. Colletotrichum spp. | B26: Trioza spp.
A27: 5. Fusarium spp. | B27: Pestalotiopsis / Neopestalotiopsis / Pseudopestalotiopsis
A28: 6. Nectria spp. | B28: Elsinoe perseae
A30: 7. Bases de datos consultadas | B30: Scopus · IEEE Xplore · Web of Science · Springer · Google Scholar como apoyo.
A31: 8. Filtros aplicados | B31: Años: 2010-2026. Idioma: español / inglés. Tipo: artículos, ponencias y revisiones metodológicas relevantes.
A32: 9. Criterios de calidad (Q1–Q10) | B32: Escala por criterio: 0 = no cumple · 1 = cumple parcialmente · 2 = cumple bien. Se puntúan en la hoja 'Calidad_articulos' (total y nivel se calculan solos).
A33: Q1 | B33: El objetivo o pregunta del estudio está claramente definido.
A34: Q2 | B34: Identifica enfermedad, plaga, patógeno o clase visual de forma clara.
A35: Q3 | B35: Describe síntomas foliares o características visuales útiles para diagnóstico.
... A43: Puntaje / Nivel | B43: Total 0–20 → Alta: 16–20 · Media: 11–15 · Baja: ≤ 10 (cálculo automático).
A44: Validar
A46: 10. Datos a extraer de cada artículo | B46: ID · Autores · Año · DOI · Enfermedad/plaga · Síntoma foliar · Tipo de imagen/sensor · Técnica IA · Métricas · Región · Aporte al sistema móvil.

Sheet Cadenas_de_busqueda
A1: CADENAS DE BÚSQUEDA (registro para reproducibilidad)
A2: Escribe la cadena EXACTA usada en cada base, con su fecha y nº de resultados. Repite cada cadena en las 4 bases y registra los resultados de cada una. Esto hace tu revisión REPRODUCIBLE.
A4: N.º | B4: Grupo | C4: Base de datos | D4: Cadena de búsqueda exacta | E4: Campos | F4: Filtros (años/idioma) | G4: Fecha de búsqueda | H4: N.º resultados | I4: Notas
A5: 1 | B5: TODOS | C5: Scopus | D5: TITLE-ABS-KEY(("avocado" OR "Persea americana") AND ("leaf" OR "leaves" OR "foliar") AND ("disease" OR "pathogen" OR "pest" OR "symptom")) | E5: Título-Resumen-Keywords | F5: 2010-2026; es/en | G5: 2026-09-21 | I5: Búsqueda amplia para enfermedades y plagas foliares.
A6: 2 | B6: Antracnosis | C6: Scopus | D6: TITLE-ABS-KEY(("avocado" OR "Persea americana") AND ("leaf" OR "leaves" OR "foliar") AND ("anthracnose" OR "Colletotrichum")) | E6: Título-Resumen-Keywords | F6: 2010-2026; es/en | G6: 2026-09-21 | I6: Prioridad alta por lesiones foliares y detección visual.
A7: 3 | B7: Cercospora | C7: Scopus | D7: TITLE-ABS-KEY(("avocado" OR "Persea americana") AND ("Pseudocercospora purpurea" OR "Cercospora purpurea" OR "black spot" OR "Cercospora spot") AND ("leaf" OR "foliar" OR "leaves")) | E7: Título-Resumen-Keywords | F7: 2010-2026; es/en | G7: 2026-09-21 | I7: Mancha negra y síntomas visuales.
A8: 4 | B8: Acaros | C8: Scopus | D8: TITLE-ABS-KEY(("avocado" OR "Persea americana") AND ("Oligonychus perseae" OR "Oligonychus punicae" OR "spider mite" OR "red mite") AND ("leaf" OR "foliar" OR "chlorophyll")) | E8: Título-Resumen-Keywords | F8: 2010-2026; es/en | G8: 2026-09-21 | I8: Plagas foliares con síntomas visuales.
A9: 5 | B9: Tizon foliar | C9: Scopus | D9: TITLE-ABS-KEY(("avocado" OR "Persea americana") AND ("leaf blight" OR "foliar blight" OR "necrotic leaf lesion") AND ("Pestalotiopsis" OR "Neopestalotiopsis" OR "Pseudopestalotiopsis" OR "Colletotrichum fructicola")) | E9: Título-Resumen-Keywords | F9: 2010-2026; es/en | G9: 2026-09-21 | I9: Tizón, lesiones necróticas y diagnóstico diferencial.
A10: 6 | B10: Agallas foliares | C10: Scopus | D10: TITLE-ABS-KEY(("avocado" OR "Persea americana") AND ("leaf gall" OR "foliar gall" OR "Trioza anceps" OR "Trioza perseae")) | E10: Título-Resumen-Keywords | F10: 2010-2026; es/en | G10: 2026-09-21 | I10: Clase visual potencial.
A11: 7 | B11: Vision artificial | C11: IEEE Xplore | D11: ("avocado" AND "leaf disease") OR ("avocado" AND "leaf disease classification") | E11: Metadata IEEE | F11: 2010-2026; es/en | G11: 2026-09-21 | I11: Cadena específica IEEE para clasificación de hojas de aguacate.
A12: 8 | B12: Vision artificial | C12: IEEE Xplore | D12: ("plant leaf disease" AND ("computer vision" OR "artificial intelligence" OR "deep learning")) | E12: Metadata IEEE | F12: 2010-2026; es/en | G12: 2026-09-21 | I12: Antecedentes metodológicos generales.
A13: 9 | B13: YOLO | C13: IEEE Xplore | D13: ("plant leaf disease" AND YOLO) OR ("leaf disease" AND "object detection") | E13: Metadata IEEE | F13: 2010-2026; es/en | G13: 2026-09-21 | I13: Detección en tiempo real y modelos livianos.
A14: 10 | B14: App móvil | C14: Scopus/IEEE/WoS | D14: ("plant disease" OR "leaf disease") AND ("mobile application" OR smartphone OR Android) AND ("deep learning" OR CNN OR "computer vision") | E14: Título-Resumen-Keywords | F14: 2010-2026; es/en | G14: 2026-09-21 | I14: Para justificar integración futura en app móvil.

Sheet Base_consolidada
A1: Base_consolidada
A2: Consolidación inicial adaptada al tema de hojas de aguacate, enfermedades/plagas foliares, IA, visión por computador, UAV y posible aplicación móvil.
A3: ID | B3: Base de datos | C3: Título completo | D3: Autores | E3: Año | F3: DOI | G3: Keywords | H3: Abstract | I3: Tipo de documento | J3: Fuente / Revista | K3: Estado inicial | L3: Registro fuente
A4: H0001 | B4: IEEE Xplore | C4: Unified Approach for Avocado Leaf Disease Classification: CNN-SVM Fusion | D4: Mir; Banerjee; Chauhan; Pokhariya; Kumar | E4: 2024 | F4: 10.1109/I2CT61223.2024.10544074 | G4: avocado leaf disease; CNN; SVM; image classification; anthracnose | H4: Study focused on avocado leaf disease classification using a CNN-SVM fusion approach. It is directly aligned with automated diagnosis of foliar diseases in Persea americana. | I4: Conference paper | J4: IEEE I2CT | K4: Importado / adaptado | L4: C:\Users\plusm\Desktop\Tesis\Bibliografia\Vision artificial y UAV\IEEE Xplore\Unified Approach for Avocado Leaf Disease Classification_ CNN-SVM Fusion.url
A5: H0002 | B5: IEEE Xplore | C5: Plant Leaf Disease Detection, Classification, and Diagnosis Using Computer Vision and Artificial Intelligence: A Review | D5: IEEE Access review authors | E5: 2024 | F5: 10.1109/ACCESS.2024.3373001 | G5: plant leaf disease; computer vision; artificial intelligence; deep learning; review | H5: Review of plant leaf disease detection, classification and diagnosis using computer vision and artificial intelligence. | I5: Review | J5: IEEE Access | K5: Importado / adaptado | L5: C:\Users\plusm\Desktop\Tesis\Bibliografia\Vision artificial y UAV\IEEE Xplore\Plant Leaf Disease Detection_ Classification_ and Diagnosis Using Computer Vision and Artificial Intelligence_ A Review.url
A6: H0003 | B6: IEEE Xplore | C6: Real-Time Detection and Identification of Plant Leaf Diseases using YOLOv4-tiny | D6: ICCCNT authors | E6: 2021 | F6: 10.1109/ICCCNT51525.2021.9579783 | G6: YOLOv4-tiny; plant leaf disease; real-time detection; object detection | H6: Methodological antecedent for real-time detection and identification of plant leaf diseases using a lightweight YOLO model. | I6: Conference paper | J6: IEEE ICCCNT | K6: Importado / adaptado | L6: C:\Users\plusm\Desktop\Tesis\Bibliografia\Vision artificial y UAV\IEEE Xplore\Real-Time Detection and Identification of Plant Leaf Diseases using YOLOv4-tiny.url
A7: H0004 | B7: Scientific Reports | C7: Spectrally optimised YOLOv10s-SeqOpt framework for real-time UAV-based early detection of avocado foliar diseases in Indian orchards | D7: Karthik; Govindasamy; Muthusamy; Routray | E7: 2026 | F7: 10.1038/s41598-026-50025-z | G7: avocado; foliar diseases; UAV; YOLOv10s; deep learning; early detection | H7: Direct study on UAV-based early detection of avocado foliar diseases using an optimized YOLOv10s framework. | I7: Article | J7: Scientific Reports | K7: Importado / adaptado | L7: C:\Users\plusm\Desktop\Tesis\Bibliografia\Antracnosis\s41598-026-50025-z.pdf
A8: H0005 | B8: AgriEngineering | C8: Spatial Mapping of Avocado Anthracnose Severity Using UAV-Derived Vegetation Indices in Amazonas, Peru | D8: Guelac-Santillan et al. | E8: 2026 | G8: avocado; anthracnose; UAV; vegetation indices; severity mapping; Peru | H8: Maps avocado anthracnose severity using UAV-derived vegetation indices in Amazonas, Peru. | I8: Article | J8: AgriEngineering | K8: Importado / adaptado | L8: C:\Users\plusm\Desktop\Tesis\Bibliografia\Antracnosis\agriengineering-08-00340.pdf
A9: H0006 | B9: International Journal of Plant Biology | C9: Colletotrichum fructicola Causes Necrotic Leaf Lesions in Avocado (Persea americana) in Amazonas, Peru: First Record and In Vitro Control Using Piper Essential Oils | D9: Authors not extracted | E9: 2026 | G9: Colletotrichum fructicola; avocado; necrotic leaf lesions; Peru; leaf disease | H9: Reports Colletotrichum fructicola causing necrotic leaf lesions in avocado in Amazonas, Peru. | I9: Article | J9: International Journal of Plant Biology | K9: Importado / adaptado | L9: C:\Users\plusm\Desktop\Tesis\Bibliografia\Tizón de la hoja\ijpb-17-00010.pdf
A10: H0007 | B10: Revista Colombiana de Ciencias Hortícolas | C10: Validation of black spot management strategies in avocado crops in northern Tolima (Colombia) | D10: Rodríguez-Polanco et al. | E10: 2020 | F10: 10.17584/rcch.2020v14i2.10169 | G10: Pseudocercospora purpurea; avocado; black spot; Cercospora; management | H10: Evaluates management strategies for black spot caused by Pseudocercospora purpurea in avocado crops in Colombia. | I10: Article | J10: Revista Colombiana de Ciencias Hortícolas | K10: Importado / adaptado | L10: C:\Users\plusm\Desktop\Tesis\Bibliografia\Cercospora\rcch,+03_Validation+of+black+spot+[(Pseudocercospora+purpurea+(Cooke)+Deighton]+management+strategies+in+avocado+crops+in+norther.pdf
A11: H0008 | B11: Journal of Sol-Gel Science and Technology | C11: Silica-based nanomaterials for the control of Trioza anceps: Laboratory bioassays and preliminary field observations | D11: Cinto-Alarcon et al. | E11: 2026 | F11: 10.1007/s10971-026-07179-z | G11: Trioza anceps; avocado; leaf gall; foliar gall; control | H11: Evaluates silica-based nanomaterials for control of Trioza anceps, a foliar gall pest in avocado. | I11: Article | J11: Journal of Sol-Gel Science and Technology | K11: Importado / adaptado | L11: C:\Users\plusm\Desktop\Tesis\Bibliografia\Agallas foliares\s10971-026-07179-z.pdf
A12: H0009 | B12: Journal of Economic Entomology | C12: Biocontrol Potential of Neoseiulus californicus Against Oligonychus punicae in Avocado | D12: Oliveira et al. | E12: 2021 | F12: 10.1093/jee/toab029 | G12: Oligonychus punicae; avocado; mite; biocontrol; Neoseiulus californicus | H12: Evaluates the biocontrol potential of Neoseiulus californicus against Oligonychus punicae in avocado. | I12: Article | J12: Journal of Economic Entomology | K12: Importado / adaptado | L12: C:\Users\plusm\Desktop\Tesis\Bibliografia\_Bibliografia adicional 2026\06_Arana_roja_Oligonychus_punicae_Oliveira_2021.url
A13: H0010 | B13: Plant Health Progress | C13: Avocado Scab Caused by Elsinoe perseae: A Diagnostic Guide | D13: Belizaire; Gañán-Betancur; Gazis | E13: 2024 | F13: 10.1094/PHP-10-23-0084-DG | G13: avocado scab; Elsinoe perseae; diagnosis; disease guide | H13: Diagnostic guide for avocado scab caused by Elsinoe perseae. | I13: Diagnostic guide | J13: Plant Health Progress | K13: Importado / adaptado | L13: C:\Users\plusm\Desktop\Tesis\Bibliografia\Roña\09_Rona_Scab_Belizaire_2024.url
A14: H0011 | B14: Journal | C14: Real-time hass avocado ripeness detection using close-range UAV imagery and YOLO-based deep learning | D14: Tudela Taco; Quispe Accostupa; Sulla Espinoza | E14: 2026 | G14: avocado; UAV imagery; YOLO; deep learning; ripeness detection | H14: Uses close-range UAV imagery and YOLO-based deep learning for real-time Hass avocado ripeness detection. | I14: Article | J14: Local PDF | K14: Importado / adaptado | L14: C:\Users\plusm\Desktop\Tesis\Bibliografia\Vision artificial y UAV\Real-time hass avocado ripeness detection using close-range UAV imagery and YOLO-based deep learning.pdf
A15: H0012 | B15: Scientific Reports | C15: Simultaneously prediction of multiple wheat leaf phenotypes using hyperspectral imaging with multi-task machine and deep learning | D15: Fu et al. | E15: 2026 | G15: hyperspectral imaging; leaf phenotype; machine learning; deep learning | H15: Methodological reference for hyperspectral imaging and multi-task learning applied to leaf phenotype prediction. | I15: Article | J15: Local PDF | K15: Importado / adaptado | L15: C:\Users\plusm\Desktop\Tesis\Bibliografia\Cultivos comparativos\Simultaneously prediction of multiple wheat leaf phenotypes using.pdf

Sheet Duplicados_y_exclusion
A1: Duplicados_y_exclusion
A2: Primer filtro: marca y descarta duplicados (mismo DOI/título) y exclusiones (revisiones/surveys). Conserva un único registro por estudio. Cada descarte lleva su motivo.
A3: ID original | B3: Base de datos | C3: Título completo | D3: DOI | E3: Tipo de exclusión | F3: Motivo de exclusión | G3: Duplicado | H3: Tipo de estudio detectado | I3: Decisión
A4: H0001 | B4: IEEE Xplore | C4: Unified Approach for Avocado Leaf Disease Classification: CNN-SVM Fusion | D4: 10.1109/I2CT61223.2024.10544074 | G4: No | H4: Conference paper | I4: Conservar
A5: H0002 | B5: IEEE Xplore | C5: Plant Leaf Disease Detection, Classification, and Diagnosis Using Computer Vision and Artificial Intelligence: A Review | D5: 10.1109/ACCESS.2024.3373001 | E5: Revisión | F5: Se conserva como apoyo del estado del arte, no como estudio primario principal. | G5: No | H5: Review | I5: Reserva
A6: H0003 | B6: IEEE Xplore | C6: Real-Time Detection and Identification of Plant Leaf Diseases using YOLOv4-tiny | D6: 10.1109/ICCCNT51525.2021.9579783 | G6: No | H6: Conference paper | I6: Conservar
A7: H0004 | B7: Scientific Reports | C7: Spectrally optimised YOLOv10s-SeqOpt framework for real-time UAV-based early detection of avocado foliar diseases in Indian orchards | D7: 10.1038/s41598-026-50025-z | G7: No | H7: Article | I7: Conservar
A8: H0005 | B8: AgriEngineering | C8: Spatial Mapping of Avocado Anthracnose Severity Using UAV-Derived Vegetation Indices in Amazonas, Peru | G8: No | H8: Article | I8: Conservar
A9: H0006 | B9: International Journal of Plant Biology | C9: Colletotrichum fructicola Causes Necrotic Leaf Lesions in Avocado (Persea americana) in Amazonas, Peru: First Record and In Vitro Control Using Piper Essential Oils | G9: No | H9: Article | I9: Conservar
A10: H0007 | B10: Revista Colombiana de Ciencias Hortícolas | C10: Validation of black spot management strategies in avocado crops in northern Tolima (Colombia) | D10: 10.17584/rcch.2020v14i2.10169 | G10: No | H10: Article | I10: Conservar
A11: H0008 | B11: Journal of Sol-Gel Science and Technology | C11: Silica-based nanomaterials for the control of Trioza anceps: Laboratory bioassays and preliminary field observations | D11: 10.1007/s10971-026-07179-z | G11: No | H11: Article | I11: Conservar
A12: H0009 | B12: Journal of Economic Entomology | C12: Biocontrol Potential of Neoseiulus californicus Against Oligonychus punicae in Avocado | D12: 10.1093/jee/toab029 | G12: No | H12: Article | I12: Conservar
A13: H0010 | B13: Plant Health Progress | C13: Avocado Scab Caused by Elsinoe perseae: A Diagnostic Guide | D13: 10.1094/PHP-10-23-0084-DG | G13: No | H13: Diagnostic guide | I13: Conservar
A14: H0011 | B14: Journal | C14: Real-time hass avocado ripeness detection using close-range UAV imagery and YOLO-based deep learning | G14: No | H14: Article | I14: Conservar
A15: H0012 | B15: Scientific Reports | C15: Simultaneously prediction of multiple wheat leaf phenotypes using hyperspectral imaging with multi-task machine and deep learning | G15: No | H15: Article | I15: Conservar

Sheet Tamizaje_Tit_Abs_Keys
A1: Tamizaje_Titulo_Abstract_Keywords
A2: Cribado por título, abstract y keywords. Registra la evidencia de cada eje y decide si el registro pasa a evaluación de calidad.
A3: ID | B3: Base de datos | C3: Título completo | D3: Keywords principales | E3: Resumen técnico del abstract | F3: Evidencia de Inteligencia Artificial | G3: Evidencia de HCI / UX / UCD / usability | H3: Evidencia de aplicación móvil | I3: Evidencia de design / framework / methodology / approach | J3: Evidencia de agricultura / farming / smart agriculture | K3: Tipo de estudio (Primario / Revisión / Otro) | L3: Nivel de alineación con el objetivo | M3: Motivo de clasificación | N3: ¿Pasa a evaluación de calidad?
A4: H0001 | B4: IEEE Xplore | C4: Unified Approach for Avocado Leaf Disease Classification: CNN-SVM Fusion | D4: avocado leaf disease; CNN; SVM; image classification; anthracnose | E4: Study focused on avocado leaf disease classification using a CNN-SVM fusion approach. It is directly aligned with automated diagnosis of foliar diseases in Persea americana. | F4: Sí: CNN-SVM | G4: Parcial: se evaluará para interfaz/app móvil si aporta a la propuesta | H4: No explícita | I4: Sí: aporta método, diagnóstico, clasificación o criterio de revisión | J4: Sí: aguacate, enfermedad foliar | K4: Conference paper | L4: Alta | M4: IA aplicada a hojas de aguacate | N4: Sí
A5: H0002 | B5: IEEE Xplore | C5: Plant Leaf Disease Detection, Classification, and Diagnosis Using Computer Vision and Artificial Intelligence: A Review | D5: plant leaf disease; computer vision; artificial intelligence; deep learning; review | E5: Review of plant leaf disease detection, classification and diagnosis using computer vision and artificial intelligence. | F5: Sí: IA, computer vision, deep learning | G5: Parcial: se evaluará para interfaz/app móvil si aporta a la propuesta | H5: No explícita | I5: Sí: aporta método, diagnóstico, clasificación o criterio de revisión | J5: Sí: enfermedades foliares | K5: Review | L5: Media | M5: Estado del arte IA foliar | N5: Sí
A6: H0003 | B6: IEEE Xplore | C6: Real-Time Detection and Identification of Plant Leaf Diseases using YOLOv4-tiny | D6: YOLOv4-tiny; plant leaf disease; real-time detection; object detection | E6: Methodological antecedent for real-time detection and identification of plant leaf diseases using a lightweight YOLO model. | F6: Sí: YOLOv4-tiny | G6: Parcial: se evaluará para interfaz/app móvil si aporta a la propuesta | H6: No explícita | I6: Sí: aporta método, diagnóstico, clasificación o criterio de revisión | J6: Sí: enfermedad foliar vegetal | K6: Conference paper | L6: Media | M6: YOLO para enfermedades foliares | N6: Sí
A7: H0004 | B7: Scientific Reports | C7: Spectrally optimised YOLOv10s-SeqOpt framework for real-time UAV-based early detection of avocado foliar diseases in Indian orchards | D7: avocado; foliar diseases; UAV; YOLOv10s; deep learning; early detection | E7: Direct study on UAV-based early detection of avocado foliar diseases using an optimized YOLOv10s framework. | F7: Sí: YOLOv10s, deep learning | G7: Parcial: se evaluará para interfaz/app móvil si aporta a la propuesta | H7: No explícita | I7: Sí: aporta método, diagnóstico, clasificación o criterio de revisión | J7: Sí: aguacate, enfermedades foliares | K7: Article | L7: Alta | M7: UAV e IA en aguacate | N7: Sí
A8: H0005 | B8: AgriEngineering | C8: Spatial Mapping of Avocado Anthracnose Severity Using UAV-Derived Vegetation Indices in Amazonas, Peru | D8: avocado; anthracnose; UAV; vegetation indices; severity mapping; Peru | E8: Maps avocado anthracnose severity using UAV-derived vegetation indices in Amazonas, Peru. | F8: Parcial: índices de vegetación y análisis espacial | G8: Parcial: se evaluará para interfaz/app móvil si aporta a la propuesta | H8: No | I8: Sí: aporta método, diagnóstico, clasificación o criterio de revisión | J8: Sí: aguacate, antracnosis | K8: Article | L8: Alta | M8: Antracnosis y UAV | N8: Sí
A9: H0006 | B9: International Journal of Plant Biology | C9: Colletotrichum fructicola Causes Necrotic Leaf Lesions in Avocado (Persea americana) in Amazonas, Peru: First Record and In Vitro Control Using Piper Essential Oils | D9: Colletotrichum fructicola; avocado; necrotic leaf lesions; Peru; leaf disease | E9: Reports Colletotrichum fructicola causing necrotic leaf lesions in avocado in Amazonas, Peru. | F9: No | G9: Parcial: se evaluará para interfaz/app móvil si aporta a la propuesta | H9: No | I9: Parcial: aporta base fitosanitaria | J9: Sí: aguacate, lesiones foliares | K9: Article | L9: Alta | M9: Lesiones foliares necroticas | N9: Sí
A10: H0007 | B10: Revista Colombiana de Ciencias Hortícolas | C10: Validation of black spot management strategies in avocado crops in northern Tolima (Colombia) | D10: Pseudocercospora purpurea; avocado; black spot; Cercospora; management | E10: Evaluates management strategies for black spot caused by Pseudocercospora purpurea in avocado crops in Colombia. | F10: No | G10: Parcial: se evaluará para interfaz/app móvil si aporta a la propuesta | H10: No | I10: Parcial: aporta base fitosanitaria | J10: Sí: aguacate, mancha negra | K10: Article | L10: Alta | M10: Cercospora y mancha negra | N10: Sí
A11: H0008 | B11: Journal of Sol-Gel Science and Technology | C11: Silica-based nanomaterials for the control of Trioza anceps: Laboratory bioassays and preliminary field observations | D11: Trioza anceps; avocado; leaf gall; foliar gall; control | E11: Evaluates silica-based nanomaterials for control of Trioza anceps, a foliar gall pest in avocado. | F11: No | G11: Parcial: se evaluará para interfaz/app móvil si aporta a la propuesta | H11: No | I11: Parcial: aporta base fitosanitaria | J11: Sí: aguacate, Trioza anceps | K11: Article | L11: Media | M11: Agallas foliares | N11: Sí
A12: H0009 | B12: Journal of Economic Entomology | C12: Biocontrol Potential of Neoseiulus californicus Against Oligonychus punicae in Avocado | D12: Oligonychus punicae; avocado; mite; biocontrol; Neoseiulus californicus | E12: Evaluates the biocontrol potential of Neoseiulus californicus against Oligonychus punicae in avocado. | F12: No | G12: Parcial: se evaluará para interfaz/app móvil si aporta a la propuesta | H12: No | I12: Parcial: aporta base fitosanitaria | J12: Sí: aguacate, ácaros | K12: Article | L12: Media | M12: Araña roja y acaros | N12: Sí
A13: H0010 | B13: Plant Health Progress | C13: Avocado Scab Caused by Elsinoe perseae: A Diagnostic Guide | D13: avocado scab; Elsinoe perseae; diagnosis; disease guide | E13: Diagnostic guide for avocado scab caused by Elsinoe perseae. | F13: No | G13: Parcial: se evaluará para interfaz/app móvil si aporta a la propuesta | H13: No | I13: Parcial: aporta base fitosanitaria | J13: Sí: aguacate, roña | K13: Diagnostic guide | L13: Media | M13: Roña | N13: Sí
A14: H0011 | B14: Journal | C14: Real-time hass avocado ripeness detection using close-range UAV imagery and YOLO-based deep learning | D14: avocado; UAV imagery; YOLO; deep learning; ripeness detection | E14: Uses close-range UAV imagery and YOLO-based deep learning for real-time Hass avocado ripeness detection. | F14: Sí: YOLO, deep learning | G14: Parcial: se evaluará para interfaz/app móvil si aporta a la propuesta | H14: No | I14: Sí: aporta método, diagnóstico, clasificación o criterio de revisión | J14: Sí: aguacate | K14: Article | L14: Media | M14: YOLO y UAV en aguacate | N14: Sí
A15: H0012 | B15: Scientific Reports | C15: Simultaneously prediction of multiple wheat leaf phenotypes using hyperspectral imaging with multi-task machine and deep learning | D15: hyperspectral imaging; leaf phenotype; machine learning; deep learning | E15: Methodological reference for hyperspectral imaging and multi-task learning applied to leaf phenotype prediction. | F15: Sí: machine learning, deep learning | G15: Parcial: se evaluará para interfaz/app móvil si aporta a la propuesta | H15: No | I15: Sí: aporta método, diagnóstico, clasificación o criterio de revisión | J15: Sí: hojas de cultivo | K15: Article | L15: Baja | M15: Cultivos comparativos | N15: No

Sheet Calidad_articulos
A1: Calidad_articulos
A2: Evaluación de calidad de lo que pasó el tamizaje. Q1-Q10 se puntúan 0/1/2; el puntaje total (0-20) y el nivel de calidad se CALCULAN SOLOS.
A3: ID | B3: Base de datos | C3: Título completo | D3: Q1 | E3: Q2 | F3: Q3 | G3: Q4 | H3: Q5 | I3: Q6 | J3: Q7 | K3: Q8 | L3: Q9 | M3: Q10 | N3: Puntaje total | O3: Nivel de calidad | P3: Observaciones de calidad
A4: H0001 | B4: IEEE Xplore | C4: Unified Approach for Avocado Leaf Disease Classification: CNN-SVM Fusion | D4: 2 | E4: 2 | F4: 2 | G4: 2 | H4: 2 | I4: 1 | J4: 2 | K4: 1 | L4: 2 | M4: 2 | N4: =IF(COUNT(D4:M4)=0,"",SUM(D4:M4)) | O4: =IF(N4="","",IF(N4>=16,"Alta calidad",IF(N4>=11,"Media calidad","Baja calidad"))) | P4: IA aplicada a hojas de aguacate
A5: H0002 | B5: IEEE Xplore | C5: Plant Leaf Disease Detection, Classification, and Diagnosis Using Computer Vision and Artificial Intelligence: A Review | D5: 2 | E5: 1 | F5: 2 | G5: 1 | H5: 2 | I5: 2 | J5: 2 | K5: 1 | L5: 2 | M5: 2 | N5: =IF(COUNT(D5:M5)=0,"",SUM(D5:M5)) | O5: =IF(N5="","",IF(N5>=16,"Alta calidad",IF(N5>=11,"Media calidad","Baja calidad"))) | P5: Estado del arte IA foliar
A6: H0003 | B6: IEEE Xplore | C6: Real-Time Detection and Identification of Plant Leaf Diseases using YOLOv4-tiny | D6: 2 | E6: 1 | F6: 2 | G6: 1 | H6: 2 | I6: 1 | J6: 2 | K6: 1 | L6: 2 | M6: 2 | N6: =IF(COUNT(D6:M6)=0,"",SUM(D6:M6)) | O6: =IF(N6="","",IF(N6>=16,"Alta calidad",IF(N6>=11,"Media calidad","Baja calidad"))) | P6: YOLO para enfermedades foliares
A7: H0004 | B7: Scientific Reports | C7: Spectrally optimised YOLOv10s-SeqOpt framework for real-time UAV-based early detection of avocado foliar diseases in Indian orchards | D7: 2 | E7: 2 | F7: 2 | G7: 2 | H7: 2 | I7: 2 | J7: 2 | K7: 2 | L7: 2 | M7: 2 | N7: =IF(COUNT(D7:M7)=0,"",SUM(D7:M7)) | O7: =IF(N7="","",IF(N7>=16,"Alta calidad",IF(N7>=11,"Media calidad","Baja calidad"))) | P7: UAV e IA en aguacate
A8: H0005 | B8: AgriEngineering | C8: Spatial Mapping of Avocado Anthracnose Severity Using UAV-Derived Vegetation Indices in Amazonas, Peru | D8: 2 | E8: 2 | F8: 2 | G8: 2 | H8: 2 | I8: 2 | J8: 2 | K8: 2 | L8: 2 | M8: 2 | N8: =IF(COUNT(D8:M8)=0,"",SUM(D8:M8)) | O8: =IF(N8="","",IF(N8>=16,"Alta calidad",IF(N8>=11,"Media calidad","Baja calidad"))) | P8: Antracnosis y UAV
A9: H0006 | B9: International Journal of Plant Biology | C9: Colletotrichum fructicola Causes Necrotic Leaf Lesions in Avocado (Persea americana) in Amazonas, Peru: First Record and In Vitro Control Using Piper Essential Oils | D9: 2 | E9: 2 | F9: 2 | G9: 2 | H9: 2 | I9: 2 | J9: 1 | K9: 2 | L9: 2 | M9: 2 | N9: =IF(COUNT(D9:M9)=0,"",SUM(D9:M9)) | O9: =IF(N9="","",IF(N9>=16,"Alta calidad",IF(N9>=11,"Media calidad","Baja calidad"))) | P9: Lesiones foliares necroticas
A10: H0007 | B10: Revista Colombiana de Ciencias Hortícolas | C10: Validation of black spot management strategies in avocado crops in northern Tolima (Colombia) | D10: 2 | E10: 2 | F10: 2 | G10: 2 | H10: 2 | I10: 2 | J10: 1 | K10: 2 | L10: 2 | M10: 2 | N10: =IF(COUNT(D10:M10)=0,"",SUM(D10:M10)) | O10: =IF(N10="","",IF(N10>=16,"Alta calidad",IF(N10>=11,"Media calidad","Baja calidad"))) | P10: Cercospora y mancha negra
A11: H0008 | B11: Journal of Sol-Gel Science and Technology | C11: Silica-based nanomaterials for the control of Trioza anceps: Laboratory bioassays and preliminary field observations | D11: 2 | E11: 2 | F11: 2 | G11: 2 | H11: 2 | I11: 2 | J11: 1 | K11: 2 | L11: 2 | M11: 2 | N11: =IF(COUNT(D11:M11)=0,"",SUM(D11:M11)) | O11: =IF(N11="","",IF(N11>=16,"Alta calidad",IF(N11>=11,"Media calidad","Baja calidad"))) | P11: Agallas foliares
A12: H0009 | B12: Journal of Economic Entomology | C12: Biocontrol Potential of Neoseiulus californicus Against Oligonychus punicae in Avocado | D12: 2 | E12: 2 | F12: 1 | G12: 2 | H12: 2 | I12: 2 | J12: 1 | K12: 2 | L12: 2 | M12: 2 | N12: =IF(COUNT(D12:M12)=0,"",SUM(D12:M12)) | O12: =IF(N12="","",IF(N12>=16,"Alta calidad",IF(N12>=11,"Media calidad","Baja calidad"))) | P12: Araña roja y acaros
A13: H0010 | B13: Plant Health Progress | C13: Avocado Scab Caused by Elsinoe perseae: A Diagnostic Guide | D13: 2 | E13: 2 | F13: 2 | G13: 2 | H13: 2 | I13: 1 | J13: 1 | K13: 2 | L13: 2 | M13: 2 | N13: =IF(COUNT(D13:M13)=0,"",SUM(D13:M13)) | O13: =IF(N13="","",IF(N13>=16,"Alta calidad",IF(N13>=11,"Media calidad","Baja calidad"))) | P13: Roña
A14: H0011 | B14: Journal | C14: Real-time hass avocado ripeness detection using close-range UAV imagery and YOLO-based deep learning | D14: 2 | E14: 1 | F14: 1 | G14: 2 | H14: 2 | I14: 2 | J14: 2 | K14: 2 | L14: 2 | M14: 2 | N14: =IF(COUNT(D14:M14)=0,"",SUM(D14:M14)) | O14: =IF(N14="","",IF(N14>=16,"Alta calidad",IF(N14>=11,"Media calidad","Baja calidad"))) | P14: YOLO y UAV en aguacate
A15: H0012 | B15: Scientific Reports | C15: Simultaneously prediction of multiple wheat leaf phenotypes using hyperspectral imaging with multi-task machine and deep learning | D15: 2 | E15: 1 | F15: 1 | G15: 1 | H15: 2 | I15: 2 | J15: 2 | K15: 1 | L15: 2 | M15: 2 | N15: =IF(COUNT(D15:M15)=0,"",SUM(D15:M15)) | O15: =IF(N15="","",IF(N15>=16,"Alta calidad",IF(N15>=11,"Media calidad","Baja calidad"))) | P15: Cultivos comparativos

Sheet Articulos_finales
A1: Articulos_finales
A2: Selección final razonada: analiza el aporte de cada artículo y decide Incluir o Reserva, con su justificación.
A3: ID | B3: Base de datos | C3: Título completo | D3: Año | E3: Autores | F3: DOI | G3: Tipo de estudio | H3: Aporte principal | I3: Relación con Objetivo 1 | J3: Evidencia de IA | K3: Evidencia de HCI/UX | L3: Evidencia de mobile app | M3: Evidencia de design/framework/methodology/approach | N3: Evidencia de agricultura | O3: Nivel de alineación con el objetivo | P3: Nivel de calidad | Q3: Decisión final (Incluir / Reserva) | R3: Justificación final
A4: H0001 | B4: IEEE Xplore | C4: Unified Approach for Avocado Leaf Disease Classification: CNN-SVM Fusion | D4: 2024 | E4: Mir; Banerjee; Chauhan; Pokhariya; Kumar | F4: 10.1109/I2CT61223.2024.10544074 | G4: Conference paper | H4: Aporta a la línea: IA aplicada a hojas de aguacate. | I4: Relacionado con el Objetivo 1 porque aporta evidencia fitosanitaria, síntomas foliares o metodología de detección automatizada para hojas de aguacate. | J4: Sí: CNN-SVM | K4: Parcial: útil para diseñar criterios de interacción y validación de app | L4: No explícita | M4: Sí: método o enfoque documentado | N4: Sí: aguacate, enfermedad foliar | O4: Alta | P4: Alta calidad | Q4: Incluir | R4: Incluir en el marco teórico principal.
A5: H0002 | B5: IEEE Xplore | C5: Plant Leaf Disease Detection, Classification, and Diagnosis Using Computer Vision and Artificial Intelligence: A Review | D5: 2024 | E5: IEEE Access review authors | F5: 10.1109/ACCESS.2024.3373001 | G5: Review | H5: Aporta a la línea: Estado del arte IA foliar. | I5: Relacionado con el Objetivo 1 porque aporta evidencia fitosanitaria, síntomas foliares o metodología de detección automatizada para hojas de aguacate. | J5: Sí: IA, computer vision, deep learning | K5: Parcial: útil para diseñar criterios de interacción y validación de app | L5: No explícita | M5: Sí: método o enfoque documentado | N5: Sí: enfermedades foliares | O5: Media | P5: Alta calidad | Q5: Reserva | R5: Mantener como apoyo metodológico o diagnóstico diferencial.
A6: H0003 | B6: IEEE Xplore | C6: Real-Time Detection and Identification of Plant Leaf Diseases using YOLOv4-tiny | D6: 2021 | E6: ICCCNT authors | F6: 10.1109/ICCCNT51525.2021.9579783 | G6: Conference paper | H6: Aporta a la línea: YOLO para enfermedades foliares. | I6: Relacionado con el Objetivo 1 porque aporta evidencia fitosanitaria, síntomas foliares o metodología de detección automatizada para hojas de aguacate. | J6: Sí: YOLOv4-tiny | K6: Parcial: útil para diseñar criterios de interacción y validación de app | L6: No explícita | M6: Sí: método o enfoque documentado | N6: Sí: enfermedad foliar vegetal | O6: Media | P6: Alta calidad | Q6: Reserva | R6: Mantener como apoyo metodológico o diagnóstico diferencial.
A7: H0004 | B7: Scientific Reports | C7: Spectrally optimised YOLOv10s-SeqOpt framework for real-time UAV-based early detection of avocado foliar diseases in Indian orchards | D7: 2026 | E7: Karthik; Govindasamy; Muthusamy; Routray | F7: 10.1038/s41598-026-50025-z | G7: Article | H7: Aporta a la línea: UAV e IA en aguacate. | I7: Relacionado con el Objetivo 1 porque aporta evidencia fitosanitaria, síntomas foliares o metodología de detección automatizada para hojas de aguacate. | J7: Sí: YOLOv10s, deep learning | K7: Parcial: útil para diseñar criterios de interacción y validación de app | L7: No explícita | M7: Sí: método o enfoque documentado | N7: Sí: aguacate, enfermedades foliares | O7: Alta | P7: Alta calidad | Q7: Incluir | R7: Incluir en el marco teórico principal.
A8: H0005 | B8: AgriEngineering | C8: Spatial Mapping of Avocado Anthracnose Severity Using UAV-Derived Vegetation Indices in Amazonas, Peru | D8: 2026 | E8: Guelac-Santillan et al. | G8: Article | H8: Aporta a la línea: Antracnosis y UAV. | I8: Relacionado con el Objetivo 1 porque aporta evidencia fitosanitaria, síntomas foliares o metodología de detección automatizada para hojas de aguacate. | J8: Parcial: índices de vegetación y análisis espacial | K8: Parcial: útil para diseñar criterios de interacción y validación de app | L8: No | M8: Sí: método o enfoque documentado | N8: Sí: aguacate, antracnosis | O8: Alta | P8: Alta calidad | Q8: Incluir | R8: Incluir en el marco teórico principal.
A9: H0006 | B9: International Journal of Plant Biology | C9: Colletotrichum fructicola Causes Necrotic Leaf Lesions in Avocado (Persea americana) in Amazonas, Peru: First Record and In Vitro Control Using Piper Essential Oils | D9: 2026 | E9: Authors not extracted | G9: Article | H9: Aporta a la línea: Lesiones foliares necroticas. | I9: Relacionado con el Objetivo 1 porque aporta evidencia fitosanitaria, síntomas foliares o metodología de detección automatizada para hojas de aguacate. | J9: No | K9: Parcial: útil para diseñar criterios de interacción y validación de app | L9: No | M9: Parcial: soporte fitosanitario | N9: Sí: aguacate, lesiones foliares | O9: Alta | P9: Alta calidad | Q9: Incluir | R9: Incluir en el marco teórico principal.
A10: H0007 | B10: Revista Colombiana de Ciencias Hortícolas | C10: Validation of black spot management strategies in avocado crops in northern Tolima (Colombia) | D10: 2020 | E10: Rodríguez-Polanco et al. | F10: 10.17584/rcch.2020v14i2.10169 | G10: Article | H10: Aporta a la línea: Cercospora y mancha negra. | I10: Relacionado con el Objetivo 1 porque aporta evidencia fitosanitaria, síntomas foliares o metodología de detección automatizada para hojas de aguacate. | J10: No | K10: Parcial: útil para diseñar criterios de interacción y validación de app | L10: No | M10: Parcial: soporte fitosanitario | N10: Sí: aguacate, mancha negra | O10: Alta | P10: Alta calidad | Q10: Incluir | R10: Incluir en el marco teórico principal.
A11: H0008 | B11: Journal of Sol-Gel Science and Technology | C11: Silica-based nanomaterials for the control of Trioza anceps: Laboratory bioassays and preliminary field observations | D11: 2026 | E11: Cinto-Alarcon et al. | F11: 10.1007/s10971-026-07179-z | G11: Article | H11: Aporta a la línea: Agallas foliares. | I11: Relacionado con el Objetivo 1 porque aporta evidencia fitosanitaria, síntomas foliares o metodología de detección automatizada para hojas de aguacate. | J11: No | K11: Parcial: útil para diseñar criterios de interacción y validación de app | L11: No | M11: Parcial: soporte fitosanitario | N11: Sí: aguacate, Trioza anceps | O11: Media | P11: Alta calidad | Q11: Reserva | R11: Mantener como apoyo metodológico o diagnóstico diferencial.
A12: H0009 | B12: Journal of Economic Entomology | C12: Biocontrol Potential of Neoseiulus californicus Against Oligonychus punicae in Avocado | D12: 2021 | E12: Oliveira et al. | F12: 10.1093/jee/toab029 | G12: Article | H12: Aporta a la línea: Araña roja y acaros. | I12: Relacionado con el Objetivo 1 porque aporta evidencia fitosanitaria, síntomas foliares o metodología de detección automatizada para hojas de aguacate. | J12: No | K12: Parcial: útil para diseñar criterios de interacción y validación de app | L12: No | M12: Parcial: soporte fitosanitario | N12: Sí: aguacate, ácaros | O12: Media | P12: Alta calidad | Q12: Reserva | R12: Mantener como apoyo metodológico o diagnóstico diferencial.
A13: H0010 | B13: Plant Health Progress | C13: Avocado Scab Caused by Elsinoe perseae: A Diagnostic Guide | D13: 2024 | E13: Belizaire; Gañán-Betancur; Gazis | F13: 10.1094/PHP-10-23-0084-DG | G13: Diagnostic guide | H13: Aporta a la línea: Roña. | I13: Relacionado con el Objetivo 1 porque aporta evidencia fitosanitaria, síntomas foliares o metodología de detección automatizada para hojas de aguacate. | J13: No | K13: Parcial: útil para diseñar criterios de interacción y validación de app | L13: No | M13: Parcial: soporte fitosanitario | N13: Sí: aguacate, roña | O13: Media | P13: Alta calidad | Q13: Reserva | R13: Mantener como apoyo metodológico o diagnóstico diferencial.
A14: H0011 | B14: Journal | C14: Real-time hass avocado ripeness detection using close-range UAV imagery and YOLO-based deep learning | D14: 2026 | E14: Tudela Taco; Quispe Accostupa; Sulla Espinoza | G14: Article | H14: Aporta a la línea: YOLO y UAV en aguacate. | I14: Relacionado con el Objetivo 1 porque aporta evidencia fitosanitaria, síntomas foliares o metodología de detección automatizada para hojas de aguacate. | J14: Sí: YOLO, deep learning | K14: Parcial: útil para diseñar criterios de interacción y validación de app | L14: No | M14: Sí: método o enfoque documentado | N14: Sí: aguacate | O14: Media | P14: Alta calidad | Q14: Reserva | R14: Mantener como apoyo metodológico o diagnóstico diferencial.
A15: H0012 | B15: Scientific Reports | C15: Simultaneously prediction of multiple wheat leaf phenotypes using hyperspectral imaging with multi-task machine and deep learning | D15: 2026 | E15: Fu et al. | G15: Article | H15: Aporta a la línea: Cultivos comparativos. | I15: Relacionado con el Objetivo 1 porque aporta evidencia fitosanitaria, síntomas foliares o metodología de detección automatizada para hojas de aguacate. | J15: Sí: machine learning, deep learning | K15: Parcial: útil para diseñar criterios de interacción y validación de app | L15: No | M15: Sí: método o enfoque documentado | N15: Sí: hojas de cultivo | O15: Baja | P15: Alta calidad | Q15: Reserva | R15: Mantener como apoyo metodológico o diagnóstico diferencial.

Sheet Articulos_finales_ok
A1: Autor | B1: Estudio | C1: Técnica IA | D1: Método HCI | E1: Plataforma móvil | F1: Evaluación UX
A2: Mir; Banerjee; Chauhan; Pokhariya; Kumar (2024) | B2: Unified Approach for Avocado Leaf Disease Classification: CNN-SVM Fusion | C2: Sí: CNN-SVM | D2: Por definir en la propuesta de app móvil | E2: Android / móvil por definir | F2: Pendiente: SUS, heurísticas o pruebas con usuarios
A3: Karthik; Govindasamy; Muthusamy; Routray (2026) | B3: Spectrally optimised YOLOv10s-SeqOpt framework for real-time UAV-based early detection of avocado foliar diseases in Indian orchards | C3: Sí: YOLOv10s, deep learning | D3: Por definir en la propuesta de app móvil | E3: Android / móvil por definir | F3: Pendiente: SUS, heurísticas o pruebas con usuarios
A4: Guelac-Santillan et al. (2026) | B4: Spatial Mapping of Avocado Anthracnose Severity Using UAV-Derived Vegetation Indices in Amazonas, Peru | C4: Parcial: índices de vegetación y análisis espacial | D4: Por definir en la propuesta de app móvil | E4: No aplica directamente | F4: Pendiente: SUS, heurísticas o pruebas con usuarios
A5: Authors not extracted (2026) | B5: Colletotrichum fructicola Causes Necrotic Leaf Lesions in Avocado (Persea americana) in Amazonas, Peru: First Record and In Vitro Control Using Piper Essential Oils | C5: No | D5: Por definir en la propuesta de app móvil | E5: No aplica directamente | F5: Pendiente: SUS, heurísticas o pruebas con usuarios
A6: Rodríguez-Polanco et al. (2020) | B6: Validation of black spot management strategies in avocado crops in northern Tolima (Colombia) | C6: No | D6: Por definir en la propuesta de app móvil | E6: No aplica directamente | F6: Pendiente: SUS, heurísticas o pruebas con usuarios

Sheet Resumen_ejecutivo
A1: Resumen_ejecutivo
A2: Resumen adaptado al trabajo sobre detección de enfermedades y plagas foliares del aguacate con IA, visión por computador y posible app móvil.
A3: Métrica | B3: Valor | C3: Definición | E3: Base de datos | F3: Seleccionados | G3: Incluir | H3: Reserva | J3: Duplicados y revisiones
A4: Número total de artículos analizados | B4: =COUNTA(Base_consolidada!A:A)-3 | C4: Total consolidado de registros importados. | E4: Scopus | F4: =COUNTIF(Articulos_finales!B:B,"Scopus") | G4: =COUNTIFS(Articulos_finales!B:B,"Scopus",Articulos_finales!Q:Q,"Incluir") | H4: =COUNTIFS(Articulos_finales!B:B,"Scopus",Articulos_finales!Q:Q,"Reserva") | J4: =B5+B6
A5: Número de duplicados encontrados | B5: =COUNTIF(Duplicados_y_exclusion!G:G,"Sí") | C5: Registros repetidos respecto al estudio preferente. | E5: IEEE Xplore | F5: =COUNTIF(Articulos_finales!B:B,"IEEE Xplore") | G5: =COUNTIFS(Articulos_finales!B:B,"IEEE Xplore",Articulos_finales!Q:Q,"Incluir") | H5: =COUNTIFS(Articulos_finales!B:B,"IEEE Xplore",Articulos_finales!Q:Q,"Reserva")
A6: Número de revisiones/surveys/mapping/meta-análisis excluidos | B6: =COUNTIF(Duplicados_y_exclusion!E:E,"Revisión") | C6: Exclusiones por ser estudios de revisión. | E6: Web of Science | F6: =COUNTIF(Articulos_finales!B:B,"Web of Science") | G6: =COUNTIFS(Articulos_finales!B:B,"Web of Science",Articulos_finales!Q:Q,"Incluir") | H6: =COUNTIFS(Articulos_finales!B:B,"Web of Science",Articulos_finales!Q:Q,"Reserva")
A7: Número de estudios primarios detectados | B7: =COUNTIF(Articulos_finales!Q:Q,"Incluir") | C7: Detección automática por título/abstract/keywords disponibles. | E7: Springer | F7: =COUNTIF(Articulos_finales!B:B,"Springer") | G7: =COUNTIFS(Articulos_finales!B:B,"Springer",Articulos_finales!Q:Q,"Incluir") | H7: =COUNTIFS(Articulos_finales!B:B,"Springer",Articulos_finales!Q:Q,"Reserva")
A8: Número de artículos que pasaron el tamizaje | B8: =COUNTIF(Articulos_finales!Q:Q,"Reserva") | C8: Registros mantenidos con alineación media o alta. | E8: Science Direct | F8: =COUNTIF(Articulos_finales!B:B,"Science Direct") | G8: =COUNTIFS(Articulos_finales!B:B,"Science Direct",Articulos_finales!Q:Q,"Incluir") | H8: =COUNTIFS(Articulos_finales!B:B,"Science Direct",Articulos_finales!Q:Q,"Reserva")
A9: Número de artículos de alta calidad | B9: =COUNTIF(Calidad_articulos!O:O,"Alta calidad") | C9: Artículos con 16 a 20 puntos.
A10: Tema adaptado | B10: Hojas de aguacate, enfermedades/plagas foliares, IA, visión por computador, UAV y app móvil. | C10: Artículos incluidos o en reserva en la selección final.
A12: Principales patrones encontrados
A13: (Completa al final: principales patrones que encontraste en los artículos.)
A15: Principales técnicas de IA identificadas
A16: (Completa: principales grupos/patógenos y métodos de detección identificados.)
A18: Principales enfoques de HCI/UX identificados
A19: (Completa: principales síntomas/enfermedades del tallo identificados.)
A21: Vacíos detectados en la literatura
A22: (Completa: vacíos que detectaste en la literatura.)
A24: Recomendación final
A25: (Completa: tu recomendación final.)
